{
    "extends": ["tslint:latest", "tslint-react"],
    "rules": {
        "arrow-return-shorthand": true,
        "arrow-parens": false,
        "callable-types": true,
        "class-name": true,
        "comment-format": [
            true,
            "check-space"
        ],
        "curly": true,
        "deprecation": {
            "severity": "warn"
        },
        "eofline": true,
        "forin": true,
        "import-blacklist": [
            true,
            "rxjs/Rx",
            "rxjs-compat",
            "rxjs/internal/operators"
        ],
        "import-spacing": true,
        "indent": [
            true,
            "spaces"
        ],
        "interface-over-type-literal": false,
        "label-position": true,
        "max-line-length": [
            true,
            {
                "limit": 175,
                "ignore-pattern": "^import |^export | ^it {(.*?)}"
            }
        ],
        "member-access": false,
        "member-ordering": [
            true,
            {
                "order": [
                "static-field",
                "instance-field",
                "static-method",
                "instance-method"
                ]
            }
        ],
        "no-arg": true,
        "no-bitwise": true,
        "no-console": [
            true,
            "debug",
            "info",
            "time",
            "timeEnd",
            "trace"
        ],
        "no-construct": true,
        "no-debugger": true,
        "no-duplicate-super": true,
        "no-empty": false,
        "no-empty-interface": true,
        "no-eval": true,
        "no-inferrable-types": [
            true,
            "ignore-params"
        ],
        "no-misused-new": true,
        "no-non-null-assertion": true,
        "no-shadowed-variable": true,
        "no-string-literal": false,
        "no-string-throw": true,
        "no-switch-case-fall-through": true,
        "no-trailing-whitespace": true,
        "no-unnecessary-initializer": true,
        "no-unused-expression": true,
        "no-use-before-declare": false,
        "no-var-keyword": true,
        "object-literal-sort-keys": false,
        "one-line": [
            true,
            "check-open-brace",
            "check-catch",
            "check-else",
            "check-whitespace"
        ],
        "ordered-imports": false,
        "prefer-const": true,
        "quotemark": [
            false
        ],
        "radix": true,
        "semicolon": [
            true,
            "always"
        ],
        "trailing-comma": false,
        "triple-equals": [
            true,
            "allow-null-check"
        ],
        "typedef-whitespace": [
            true,
            {
                "call-signature": "nospace",
                "index-signature": "nospace",
                "parameter": "nospace",
                "property-declaration": "nospace",
                "variable-declaration": "nospace"
            }
        ],
        "typeof-compare": true,
        "unified-signatures": true,
        "variable-name": false,
        "whitespace": [
            true,
            "check-branch",
            "check-decl",
            "check-operator",
            "check-separator",
            "check-type"
        ],
        "directive-selector": [
            true,
            "attribute",
            "stud",
            "camelCase"
        ],
        "component-selector": [
            true,
            "element",
            "stud",
            "kebab-case"
        ],
        "no-output-on-prefix": false,
        "use-input-property-decorator": true,
        "use-output-property-decorator": true,
        "use-host-property-decorator": false,
        "no-input-rename": true,
        "no-output-rename": true,
        "use-life-cycle-interface": true,
        "use-pipe-transform-interface": true,
        "component-class-suffix": true,
        "directive-class-suffix": true,
        // override tslint-react rules here
        "jsx-alignment": true,
        "jsx-key": true,
        "jsx-space-before-trailing-slash": true,
        "jsx-wrap-multiline": true,
        "jsx-boolean-value": false,
        "interface-name": false,
        "no-submodule-imports": false,
        "jsx-no-multiline-js": false,
        "jsx-no-lambda": false,
        "max-classes-per-file": false,
        "prefer-conditional-expression": false,
    }
  }